prova,local,data,link
MEIA MARATONA DO CONTORNO DE FLORIPA 2023,"SÃO JOSÉ, SC",2023-12-03,https://www.chronomax.com.br/resultados/g-live.html?f=2023/2592/meia_maratona_do_contorno.clax;
CORRIDA NETSHOES 2023 - FRANCA,"FRANCA, SP",2023-12-03,https://www.chronomax.com.br/resultados/g-live.html?f=2023/2714/corrida_netshoes_franca.clax;
5K TRIBUNA 2023,"SANTOS, SP",2023-12-03,https://www.chronomax.com.br/resultados/g-live.html?f=2023/2706/5k_tribuna.clax;
1º PORECATU HARD RUN,"PORECATU, PR",2023-12-03,https://www.chronomax.com.br/resultados/g-live.html?f=2023/2899/corrida_porecatu.clax;
BONITO 21K - 2023,"BONITO, MS",2023-12-02,https://www.chronomax.com.br/resultados/g-live.html?f=2023/2772/bonito_21k.clax;
SANTANDER TRACK&FIELD RUN SERIES - ETAPA MARILIA,"MARILIA, SP",2022-02-20,https://www.chronomax.com.br/resultados/g-live.html?f=2022/1917/trackn_field_marilia.clax;
TRACK & FIELD RUN SERIES - RIO DE JANEIRO 2022,"RIO DE JANEIRO, RJ",2022-02-20,https://www.chronomax.com.br/index.php/Maxraceresults/dados/926;
NIGHT RUN ICARAÍ BEACH - 10ª EDIÇÃO 2022,"NITERÓI, RJ",2022-04-30,https://www.chronomax.com.br/index.php/Maxraceresults/dados/998;
CORRIDA DO BEM - MARINGÁ,"MARINAGÁ, PR",2022-04-03,https://www.chronomax.com.br/resultados/g-live.html?f=2022/1871/corrida_do_bem.clax;
CIRCUITO DE CORRIDAS FECAM 2022 - ETAPA ACADEMY,"CAMPO MOURÃO, PR",2022-03-27,https://www.chronomax.com.br/resultados/g-live.html?f=2022/1969/fecam_integrado.clax;
RIO CITY HALF MARATHON 2022,"RIO DE JANEIRO, RJ",2022-05-15,https://www.chronomax.com.br/app/1862/;
STORM RIDERS,"SÃO PAULO, SP",2022-01-23,https://www.chronomax.com.br/resultados/g-live.html?f=2022/1848/storm_riders.clax;
CORRIDA DA UVA JUNDIAÍ 2022 E CORRIDA BAMBINI 2022,"JUNDIAI, SP",2022-06-05,https://www.chronomax.com.br/resultados/g-live.html?f=2022/2142/corrida_uva.clax;
XTERRA - ILHA GRANDE,"ANGRA DOS REIS, RJ",2022-05-28,https://www.chronomax.com.br/resultados/g-live.html?f=2022/1931/xterra_ilhagrande.clax;
IV CORRIDA E CAMINHADA SÃO SEBASTIÃO DE ITAIPU - ALMA MISSIONÁRIA,"NITERÓI, RJ",2022-06-12,https://www.chronomax.com.br/index.php/Maxraceresults/dados/901;
3 HORAS AUTÓDROMO VELOCITTA 2022,"MOGI GUAÇÚ, SP",2022-02-19,https://www.chronomax.com.br/resultados/g-live.html?f=2022/1882/3h_velocitta.clax;
CIRCUITO SAÚDE - ETAPA CAPIVARI,"CAPIVARI, SP",2022-03-13,https://www.chronomax.com.br/resultados/g-live.html?f=2022/1981/saude_capivari.clax;
CIRCUITO NEO RUNNING - TAPIRAÍ,"TAPIRAI, SP",2022-04-24,https://www.chronomax.com.br/resultados/g-live.html?f=2022/1898/neo_running_tapirai.clax;
TROFEU NIKE - QUALIFY 2,"SÃO PAULO, SP",2022-08-20,https://www.chronomax.com.br/resultados/g-live.html?f=2022/2184/trofeu_nike.clax;
1º ETAPA COPA NINJA DE MTB - 2022,"PARANAGUA, PR",2022-01-23,https://www.chronomax.com.br/resultados/g-live.html?f=2022/1867/Copa_Ninja_1_etapa.clax;
COPA NINJA DE MTB 3 ETAPA,"MORRETES, PR",2022-05-15,https://www.chronomax.com.br/resultados/g-live.html?f=2022/2124/copa_ninja_3_etapa.clax;
CIRCUITO CARIOCA DE CICLISMO - PRAQUE RADICAL 2022,"RIO DE JANEIRO, RJ",2022-05-28,https://www.chronomax.com.br/index.php/Maxraceresults/dados/1004;
GREENV RUN THE BRIDGE,"SÃO PAULO, SP",2022-09-04,https://www.chronomax.com.br/resultados/g-live.html?f=2022/1863/run_the_bridge.clax;
WTR CAMELBAK LE CANTON 2022,"TERESOPOLIS, RJ",2022-09-17,https://chronomax.com.br/resultados/g-live.html?f=neorace/2022/SETEMBRO/WTRCLC/WTR_CLC.clax;
DESAFIO 24H TORAO TAKADA 2022,"TOLEDO, PR",2022-04-23,https://www.chronomax.com.br/resultados/g-live.html?f=2022/1990/24h_torao_takada.clax;
CORRIDA UNIMED RIO - ETAPA PARQUE MADUREIRA,"RIO DE JANEIRO, RJ",2022-06-26,https://www.chronomax.com.br/index.php/Maxraceresults/dados/1044;
CIRCUITO DA FAMÍLIA - CROSS COUNTRY 2022,"RIO DE JANEIRO, RJ",2022-07-03,https://www.chronomax.com.br/index.php/Maxraceresults/dados/1045;
TEMPO ADIZERO - ADIDAS,,2022-08-18,https://www.chronomax.com.br/resultados/g-live.html?f=2022/2207/tempo_adizero.clax;
CORRIDA SOLIDÁRIA REDE FEMININA,"MARINGÁ, PR",2022-10-16,https://www.chronomax.com.br/resultados/g-live.html?f=2022/1935/solidaria_rede_feminina.clax;
VENUS RJ 2022,"RIO DE JANEIRO, RJ",2022-11-15,https://www.chronomax.com.br/resultados/g-live.html?f=2022/1858/venus_rj.clax;
CIRCUITO CAPIXABA DE MONTANHAS 2022 - ETAPA VENDA NOVA DO IMIGRANTE,"VENDA VELHA DO IMIGRANTE, ES",2022-01-16,https://www.chronomax.com.br/index.php/Maxraceresults/dados/899;
COPA NINJA DE MTB 2 ETAPA,"GUARATUBA, PR",2022-03-13,https://www.chronomax.com.br/resultados/g-live.html?f=2022/1984/Copa_Ninja_2_etapa.clax;
1ª CORRIDA DE RUA E CAMINHADA DE MACATUBA,"MACATUBA, SP",2022-06-05,https://www.chronomax.com.br/resultados/g-live.html?f=2022/2136/corrida_macatuba.clax;
LANÇAMENTO CALENDÁRIO CORRIDAS ABRACEO,"SÃO PAULO, SP",2022-05-24,https://www.chronomax.com.br/resultados/g-live.html?f=2022/10001/abraceo_sp.clax;
UPHILL SERRA DO RIO DO RASTRO 2022,"LAURO MÜLLER, SC",2022-09-02,https://www.chronomax.com.br/resultados/g-live.html?f=2022/1922/uphill_rio_rastro.clax;
RIO TRIATHLON - 4ª ETAPA 2022,"RIO DE JANEIRO, RJ",2022-09-25,https://chronomax.com.br/resultados/g-live.html?f=neorace/2022/SETEMBRO/riotri/riotri3.clax;
CORRIDA UNIMED RIO - ETAPA BARRA DA TIJUCA,"RTIO DE JANEIRO, RJ",2022-09-17,https://www.chronomax.com.br/index.php/Maxraceresults/dados/1125;
WTR SERRA DO MAR 2022,"PETRÓPOLIS, RJ",2022-11-26,https://chronomax.com.br/resultados/g-live.html?f=neorace/2022/nov/wtrsdm/wtrsdm22.clax;
12 HORAS NIGHT RUN - ETAPA EXÉRCITO BRASILEIRO 2022,"VILA VELHA, ES",2022-12-10,https://chronomax.com.br/resultados/g-live.html?f=neorace/2022/dez/ultra/ultra12h.clax;
DESAFIO BRAVES MUD RACE,"SAO JOSE DOS PINHAIS, PR",2022-12-03,https://www.chronomax.com.br/resultados/g-live.html?f=2022/2323/desafio_braves.clax;
HAPPY RUNNING,"TABOÃO DA SERRA, SP",2022-02-19,https://www.chronomax.com.br/resultados/g-live.html?f=2022/1896/happy_running.clax;
2ª CORRIDINHA CHRONOMAX,"SAO PAULO, SP",2022-04-20,https://www.chronomax.com.br/resultados/g-live.html?f=2022/5002/corridinhas_chx_2.clax;
HERO SWIMRUN 2022,"ARMAÇÃO DE BUZIOS, RJ",2022-03-26,https://www.chronomax.com.br/index.php/Maxraceresults/dados/932;
WRUN RJ 2022,"RIO DE JANEIRO, RJ",2022-06-05,https://www.chronomax.com.br/resultados/g-live.html?f=2022/1856/wrun.clax;
L'ÉTAPE RIO DE JANEIRO SANTANDER BY TOUR DE FRANCE 2022,"RIO DE JANEIRO, RJ",2022-06-26,https://www.chronomax.com.br/resultados/g-live.html?f=2022/1963/letape_rio.clax;
4º ETAPA COPA NINJA DE MTB,,2022-07-17,https://www.chronomax.com.br/resultados/g-live.html?f=2022/2195/copa_ninja_4_etapa.clax;
DESAFIO SHOGUN/SAMURAI - UPHILL 2022,"BOM JARDIM DA SERRA, SC",2022-09-02,https://www.chronomax.com.br/resultados/g-live.html?f=2022/1922/desafios.clax;
2 CORRIDA TRIMAIS KIDS - 2022,"SÃO PAULO, SP",2022-10-12,https://www.chronomax.com.br/resultados/g-live.html?f=2022/2215/trimais_kids.clax;
CIRCUITO DAY - BIKE E RUN,"SÃO PAULO , SP",2022-10-23,https://www.chronomax.com.br/resultados/g-live.html?f=2022/2279/circuito_day_run.clax;
DESAFIO LOCALIZA CAMBE,"LONDRINA, PR",2022-10-16,https://www.chronomax.com.br/resultados/g-live.html?f=2022/2198/desafio_localiza.clax;
CORRIDA CHOQUE X BOPE 2022,"RIO DE JANEIRO, RJ",2022-11-06,https://www.chronomax.com.br/index.php/Maxraceresults/dados/1224;
6º ETAPA COPA NINJA,"ANTONINA, PR",2022-11-13,https://www.chronomax.com.br/resultados/g-live.html?f=2022/2231/copa_ninja_6_etapa.clax;
CICLISMO PEDAL PORECATU 4ª EDIÇÃO,"PORECATU, PR",2022-12-03,https://www.chronomax.com.br/resultados/g-live.html?f=2023/2899/corrida_porecatu.clax;
31º TROFÉU BRASIL DE TRIATHLON – 4ª ETAPA,"SAO PAULO, SP",2022-12-11,https://www.chronomax.com.br/resultados/g-live.html?f=2022/2017/tbt_etapa4.clax;
POA NIGHT RUN,"PORTO ALEGRE, RS",2023-03-18,https://www.chronomax.com.br/resultados/g-live.html?f=2023/2366/poa_night_run.clax;
RUN DE JANEIRO - QUINTA DA BOA VISTA 2023,"RIO DE JANEIRO, RJ",2023-03-26,https://www.chronomax.com.br/index.php/Maxraceresults/dados/1352;
CORRIDA UNIMED NOVA IGUAÇU - 189 ANOS DA CIDADE DE NOVA IGUAÇU,"NOVA IGUAÇU, RJ",2022-01-15,https://www.chronomax.com.br/index.php/Maxraceresults/dados/900;
CORRIDA DO TÚNEL 2022,"NITERÓI, RJ",2022-03-13,https://www.chronomax.com.br/index.php/Maxraceresults/dados/762;
1° BIKE AND RUN DUATHLON SERIES,"CURITIBA, PR",2022-05-22,https://www.chronomax.com.br/resultados/g-live.html?f=2022/2123/duathlon_bike_run.clax;
31º TROFÉU BRASIL DE TRIATHLON - 2 ETAPA - 2022,"SANTOS, SP",2022-06-12,https://www.chronomax.com.br/resultados/g-live.html?f=2022/2016/tbt_etapa2.clax;
6ª CORRIDA INTEGRAÇÃO RIBEIRÃO PRETO,"RIBEIRÃO PRETO, SP",2022-06-26,https://www.chronomax.com.br/resultados/g-live.html?f=2022/2005/integracao_rp.clax;
SPEED RUN SP,"SÃO PAULO, SP",2022-07-03,https://www.chronomax.com.br/resultados/g-live.html?f=2022/2102/speed_run_sp.clax;
L'ÉTAPE BRASIL BY TOUR DE FRANCE,"CAMPOS DO JORDÃO, SP",2022-09-25,https://www.chronomax.com.br/resultados/g-live2.html?f=2022/1962/letape_brasil.clax;
CORRIDA DA COPA 2022,"RIO DE JANEIRO, ",2022-11-06,https://www.chronomax.com.br/index.php/Maxraceresults/dados/1225;
XTERRA ITABIRA,"ITABIRA, MG",2022-11-26,https://www.chronomax.com.br/resultados/g-live.html?f=2022/1927/xterra_itabira.clax;
XTERRA BÚZIOS 2022,"RIO DE JANEIRO, RJ",2022-12-10,https://www.chronomax.com.br/resultados/g-live.html?f=2022/1932/xterra_buzios.clax;
HERO SWIMRUN 2023,"ARMAÇÃO DE BUZIOS, RJ",2023-04-15,https://www.chronomax.com.br/index.php/Maxraceresults/dados/1368;
TRIATHLON INTERNACIONAL DE SANTOS,"SANTOS, SP",2022-02-13,https://www.chronomax.com.br/resultados/g-live.html?f=2022/1878/t.i.s.clax;
TRAIL MARATHON RIO DE JANEIRO 2022,"RIO DE JANEIRO, RJ",2022-04-16,https://www.chronomax.com.br/index.php/Maxraceresults/dados/988;
CIRCUITO SAÚDE - ETAPA PIRACICABA,"PIRACICABA, SP",2022-03-20,https://www.chronomax.com.br/resultados/g-live.html?f=2022/1885/cs3_piracicaba.clax;
MEIA MARATONA DE NITERÓI 2022,"NITERÓI, RJ",2022-09-11,https://chronomax.com.br/resultados/g-live.html?f=neorace/2022/SETEMBRO/MEIANIT/meianiteroi22.clax;
17 EDIÇÃO DESAFIO DA MANTIQUEIRA,"CAMPOS DO JORDÃO, SP",2022-10-09,https://www.chronomax.com.br/resultados/g-live.html?f=2022/2280/desafio_mantiqueira.clax;
LIFE ITAIPU 2022,"NITERÓI, RJ",2022-11-13,https://www.chronomax.com.br/index.php/Maxraceresults/dados/1226;
NIGHT RUN UMUARAMA,"UMUARAMA, PR",2022-12-03,https://www.chronomax.com.br/resultados/g-live.html?f=2022/2153/night_run_umuarama.clax;
TRICOLOR NIGHT RUN - 1º ETAPA 2023,"SÃO PAULO, SP",2023-06-17,https://www.chronomax.com.br/resultados/g-live.html?f=2023/2401/tricolor_night_run.clax;
PICOS PRO RACE - PIAUI - 2023,"PIAUI, PI",2023-07-07,https://www.chronomax.com.br/resultados/g-live.html?f=2023/2500/picos_pro_mtb.clax;
BRONKOS RACE - GUARAREMA - SÃO PAULO,"GUARAREMA, SP",2023-06-25,https://www.chronomax.com.br/resultados/g-live.html?f=2023/2707/bronkos_race.clax;
CORRIDA GRANADO PINK 2022,"RIO DE JANEIRO, RJ",2022-03-12,https://www.chronomax.com.br/index.php/Maxraceresults/dados/928;
ATHENAS RUN STRONGER SP 2022,"SÃO PAULO, SP",2022-06-26,https://www.chronomax.com.br/resultados/g-live.html?f=2022/1857/athenas_sp.clax;
XTERRA - OURO PRETO,"OURO PRETO, MG",2022-08-13,https://www.chronomax.com.br/resultados/g-live.html?f=2022/1926/xterra_ouro_preto.clax;
37ª CORRIDA INTEGRAÇÃO CAMPINAS,"CAMPINAS, SP",2022-09-25,https://www.chronomax.com.br/resultados/g-live.html?f=2022/2006/integracao_campinas.clax;
BSB CITY HALF MARATHON,"BRASILIA, DF",2022-11-06,https://www.chronomax.com.br/resultados/g-live.html?f=2022/1865/bsb_city_half_marathon.clax;
CORRIDA DE NATAL DO MUSAL 2022,"RIO DE JANEIRO, RJ",2022-12-11,https://www.chronomax.com.br/index.php/Maxraceresults/dados/1234;
ATHENAS RUN FASTER -SP,"SÃO PAULO, SP",2023-03-12,https://www.chronomax.com.br/resultados/g-live.html?f=2023/2421/athenas_faster_sp.clax;
DESAFIO BRAVES MUD RACE - 2023,"SÃO JOSÉ DOS PINHAIS, PR",2023-03-25,https://www.chronomax.com.br/resultados/g-live.html?f=2023/2499/desafio_braves.clax;
WRUN CORRIDA FEMININA - SÃO PAULO 2023,"SÃO PAULO, SP",2023-04-16,https://www.chronomax.com.br/resultados/g-live.html?f=2023/2438/wrun_sp.clax;
TF EXPERIENCE - PORTO FELIZ - 2023,"PORTO FELIZ, SP",2023-06-25,https://www.chronomax.com.br/resultados/g-live.html?f=2023/2647/tf_experience.clax;
ATHENAS RUN FASTER SP 2022,"SÃO PAULO, SP",2022-02-06,https://www.chronomax.com.br/resultados/g-live.html?f=2022/1854/athenas_run_faster.clax;
CIRCUITO CAPIXABA DE MONTANHAS - PEDRA AZUL 2022,"DOMINGOS MARTINS, ED",2022-06-04,https://www.chronomax.com.br/index.php/Maxraceresults/dados/1033;
MARATONA FILA,"SÃO PAULO, SP",2022-08-28,https://www.chronomax.com.br/resultados/g-live.html?f=2022/2214/maratona_fila.clax;
CENTAURO REVEZA ADIDAS - SÃO PAULO,"SÃO PAULO, SP",2022-09-11,https://www.chronomax.com.br/resultados/g-live.html?f=2022/2247/centauro_reveza.clax;
CORRIDA SANTOS DUMONT 2022,"RIO DE JANEIRO, RJ",2022-10-09,https://chronomax.com.br/resultados/g-live.html?f=neorace/2022/outubro/stosdumont/santosdumont.clax;
CIRCUITO ATHENAS 21K - RJ,"RIO DE JANEIRO, RJ",2022-11-13,https://www.chronomax.com.br/resultados/g-live.html?f=2022/1860/athenas_rj.clax;
CENTAURO REVEZA ADIDAS - BH,"BELO HORIZONTE, MG",2022-12-04,https://www.chronomax.com.br/resultados/g-live.html?f=2022/2286/centauro_reveza_bh.clax;
SUMMER 48KM,"CAPÃO DA CANOA , RS",2022-12-03,https://www.chronomax.com.br/resultados/g-live.html?f=2022/2331/summer_48k.clax;
POA HALF MARATHON 2023,"PORTO ALEGRE, RS",2023-04-16,https://www.chronomax.com.br/resultados/g-live.html?f=2023/2371/poa_half_marathon.clax;
CIRCUITO CAPIXABA DE MONTANHAS - ETAPA PEDRA AZUL NIGHT RUN 2023,"DOMINGOS MARTINS, ES",2023-05-20,https://www.chronomax.com.br/index.php/Maxraceresults/dados/1407;
MARATONA FILA - SÃO PAULO - 2023,"SÃO PAULO, SP",2023-08-27,https://www.chronomax.com.br/resultados/g-live.html?f=2023/2696/maratona_fila_sp.clax;
XTERRA - MARIANA,"MARIANA, MG",2022-03-12,https://www.chronomax.com.br/resultados/g-live.html?f=2022/1905/xterra_mariana.clax;
XTERRA - ILHA BELA,"ILHA BELA, SP",2022-05-07,https://www.chronomax.com.br/resultados/g-live.html?f=2022/1929/xterra_ilhabela.clax;
BROTHER TOP AQUATHLON,"VITORIA, ES",2022-06-11,https://www.chronomax.com.br/resultados/g-live.html?f=2022/2126/brother_top.clax;
1ª CORRIDA DE RUA CARDIO BEAT DE RONDON,"RONDON, PR",2022-08-07,https://www.chronomax.com.br/resultados/g-live.html?f=2022/2090/cardio_beat_rondon.clax;
2ª CORRIDA DAS PEROBAS,"CIANORTE, PR",2022-09-25,https://www.chronomax.com.br/resultados/g-live.html?f=2022/2113/corrida_perobas.clax;
1ª CORRIDA DA BRIGADA PÁRA-QUEDISTA,"RIO DE JANEIRO, RJ",2022-12-11,https://www.chronomax.com.br/index.php/Maxraceresults/dados/1235;
CORRIDA CENTENÁRIA DO  DO AVAI - 2023,"FLORIANÓPOLIS , SC",2023-08-06,https://www.chronomax.com.br/resultados/g-live.html?f=2023/2700/corrida_centenario_do_avai.clax;
POA DAY RUN - 2023 - ETAPA 2,"PORTO ALEGRE, RS",2023-08-20,https://www.chronomax.com.br/resultados/g-live.html?f=2023/2368/poa_day_run_etapa2.clax;
CIRCUITO CARIOCA DE CICLISMO - ETAPA PORTO MARAVILHA,"RIO DE JANEIRO, RJ",2022-02-06,https://www.chronomax.com.br/index.php/Maxraceresults/dados/914;
CIRCUITO CORRIDA INCLUSIVA IV - ETAPA INDAIATUBA,"INDAIATUBA, SP",2022-04-10,https://www.chronomax.com.br/resultados/g-live.html?f=2022/1888/corrida_inclusiva_indaiatuba.clax;
HAPPY RUNNING VILLA LOBOS,"SÃO PAULO, SP",2022-05-29,https://www.chronomax.com.br/resultados/g-live.html?f=2022/2081/happy_running_v_lobos.clax;
CORPORATE RUN 2022,"SÃO PAULO, SP",2022-08-28,https://www.chronomax.com.br/resultados/g-live.html?f=2022/2217/corporate_run.clax;
WTR ON CAMPOS DO JORDÃO 2022 - MTB,"CAMPOS DO JORDÃO, ",2022-10-16,https://chronomax.com.br/resultados/g-live.html?f=neorace/2022/outubro/wtrcj/wtrcj22.clax;
XTERRA PARATY 2022,"PARATY, RJ",2022-11-12,https://www.chronomax.com.br/resultados/g-live.html?f=2022/1933/xterra_paraty.clax;
3H CAPUAVA,"INDAIATUBA, SP",2022-12-04,https://www.chronomax.com.br/resultados/g-live.html?f=2022/2107/3h_capuava.clax;
CORRIDA BEM - PARANÁ - 2023,"MARINGÁ , PR",2023-04-02,https://www.chronomax.com.br/resultados/g-live.html?f=2023/2445/corrida_bem_maringa.clax;
MARATONA ABRAS DE REVEZAMENTO - 2023,"SÃO PAULO, SP",2023-04-16,https://www.chronomax.com.br/resultados/g-live.html?f=2023/2424/maratona_abras.clax;
TRAVESSIA POLIANA OKIMOTO 2023,"SÃO PAULO, SP",2023-06-04,https://www.chronomax.com.br/resultados/g-live.html?f=2023/2408/travessia_poliana_okimoto.clax;
HOKA SPEED RUN - SÃO PAULO - 2023,"SÃO PAULO, SP",2023-07-02,https://www.chronomax.com.br/resultados/g-live.html?f=2023/2575/hoka_speed_run.clax;
MISSIONÁRIA NIGHT RUN - 2023 - MARINGA,"MARINGÁ , PR",2023-09-09,https://www.chronomax.com.br/resultados/g-live.html?f=2023/2722/missionaria_night_run.clax;
32º TROFÉU BRASIL 2023 - ESTAPA 3,"SANTOS, SP",2023-09-17,https://www.chronomax.com.br/resultados/g-live.html?f=2023/2459/tbt_etapa3.clax;
SUMMER 48K 2023,"CAPÃO DA CANOA, RS",2023-12-02,https://www.chronomax.com.br/resultados/g-live.html?f=2022/2375/summer_48k.clax;
NIGHT RUN UMUARAMA 2023,"UMUARAMA, PR",2023-11-18,https://www.chronomax.com.br/resultados/g-live.html?f=2023/2924/night_run_umuarama.clax;
DESAFIO BRAVES MUD RACE 2023,"SÃO JOSÉ DOS PINHAIS, SP",2023-11-25,https://www.chronomax.com.br/resultados/g-live.html?f=2023/2897/desafio_braves_mud_race.clax;
1ª CORRIDINHA CHRONOMAX,"SÃO PAULO, SP",2022-03-09,https://www.chronomax.com.br/resultados/g-live.html?f=2022/5001/corridinhas_chx_1.clax;
TRANSFORMERS RUN,"SÃO PAULO, SP",2022-05-22,https://www.chronomax.com.br/resultados/g-live.html?f=2022/2087/transformers_run.clax;
9° DESAFIO RIVELLI,"BARBACENA, MG",2022-08-07,https://www.chronomax.com.br/resultados/g-live.html?f=2022/2014/desafio_rivelli.clax;
BIMBO GLOBAL RACE,"SÃO PAULO, SP",2022-09-25,https://www.chronomax.com.br/resultados/g-live.html?f=2022/2256/global_energy_sp.clax;
SICREDI NIGHT RUN  - 6º EDIÇÃO,"TEUTÔNIA, RS",2022-11-05,https://www.chronomax.com.br/resultados/g-live.html?f=2022/2129/sicredi_night_run.clax;
SÃO GARRAFA 2022,"NITERÓI, RJ",2022-12-11,https://www.chronomax.com.br/index.php/Maxraceresults/dados/1236;
XTERRA - ILHA GRANDE - RJ,"RIO DE JANEIRO , RJ",2023-03-11,https://www.chronomax.com.br/resultados/g-live.html?f=2023/2444/xterra_ilha_grande.clax;
DESAFIO DE RUA CAPAL 2023,"ARAPOTI, PR",2023-05-01,https://www.chronomax.com.br/resultados/g-live.html?f=2023/2554/desafio_capal.clax;
3ª ALVOBIKE - ALVORADA DO SUL - 2023,,2023-08-06,https://www.chronomax.com.br/resultados/g-live.html?f=2023/2715/3_alvobike.clax;
RAINHA DO MAR - RJ 2022,"RIO DE JANEIRO, RJ",2022-02-06,https://www.chronomax.com.br/index.php/Maxraceresults/dados/915;
CIRCUITO CAPIXABA DE MANTANHAS - MATILDE 2022,"ALFREDO NEVES, ES",2022-04-10,https://www.chronomax.com.br/index.php/Maxraceresults/dados/985;
VENUS SP 2022,"SÃO PAULO, SP",2022-05-29,https://www.chronomax.com.br/resultados/g-live.html?f=2022/1861/venus_sp.clax;
CORRIDA ITALIANORIO 2022,"RIO DE JANEIRO, RJ",2022-06-05,https://www.chronomax.com.br/index.php/Maxraceresults/dados/1034;
CIRCUITO DE CORRIDAS FECAM 2022 - ETAPA 3,"PIQUIRIVAÍ, PR",2022-08-28,https://www.chronomax.com.br/resultados/g-live.html?f=2022/1971/circuito_fecam_integrado.clax;
CIRCUITO LIGHT RIO ANTIGO 2022 - ETAPA CINELÂNDIA,"RIO DE JANEIRO, RJ",2022-10-16,https://www.chronomax.com.br/index.php/Maxraceresults/dados/1184;
TRICOLOR RUN,"SÃO PAULO, SP",2022-12-04,https://www.chronomax.com.br/resultados/g-live.html?f=2022/2325/tricolor_run.clax;
2ª CORRIDA DO DISTRITO DE VIDIGAL 2023 - CIANORTE,"CIANORTE, PR",2023-06-04,https://www.chronomax.com.br/resultados/g-live.html?f=2023/2114/corrida_distrito_vidigal.clax;
BIMBO GLOBAL RACE - SÃO PAULO - 2023,"SÃO PAULO, SP",2023-09-24,https://www.chronomax.com.br/resultados/g-live.html?f=2023/2697/bimbo_global_race_sp.clax;
VENUS RUN - SÃO PAULO - 2023,"SÃO PAULO, SP",2023-10-01,https://www.chronomax.com.br/resultados/g-live.html?f=2023/2509/venus_run_sp.clax;
CIRCUITO CORRIDA INCLUSIVA IV - ETAPA PAULÍNIA,,2022-02-27,https://www.chronomax.com.br/resultados/g-live.html?f=2022/1887/corrida_inclusiva_paulinia.clax;
CIRCUITO WINE RUN E BIKE,"ARMAÇÃO DE BÚZIOS, RJ",2022-05-21,https://www.chronomax.com.br/index.php/Maxraceresults/dados/1030;
CIRCUITO DE CORRIDAS FECAM 2022 - ETAPA 2,"CAMPO MOURÃO, PR",2022-06-25,https://www.chronomax.com.br/resultados/g-live.html?f=2022/1970/fecam_et2.clax;
CENTAURO REVEZA ADIDAS - RJ,"RIO DE JANEIRO, RJ",2022-10-09,https://www.chronomax.com.br/resultados/g-live.html?f=2022/2285/centauro_reveza_rj.clax;
CORRIDA 25º BPM UMUARAMA,"UMUARAMA, PR",2022-11-20,https://www.chronomax.com.br/resultados/g-live.html?f=2022/2291/corrida_25_bpm.clax;
XTERRA ILHA GRANDE - STORM SWIM,"ILHA GRANDE, RJ",2023-03-11,https://www.chronomax.com.br/resultados/g-live.html?f=2023/2444/xterra_ilha_grande_storm.clax;
SEVEN RUN - 2023,"SÃO PAULO, SP",2023-04-30,https://www.chronomax.com.br/resultados/g-live.html?f=2023/2503/seven_run_sp.clax;
DESAFIO TUPINAMBÁ 2023,"NITERÓI, RJ",2023-08-06,https://www.chronomax.com.br/index.php/Maxraceresults/dados/1484;
CORRIDA DO 25º BPM - UMUARAMA - PR - 2023,"UMUARAMA, PR",2023-08-20,https://www.chronomax.com.br/resultados/g-live.html?f=2023/2645/corrida_25_bpm_umuarama.clax;
NIGHT RUN - ETAPA 1 - FOR,"FORTALEZA, CE",2023-10-21,https://www.chronomax.com.br/index.php/Maxraceresults/dados/1535;
CIRCUITO DA FAMÍLIA - ETAPA CARNAVAL 2022,"RIO DE JANEIRO, RJ",2022-04-10,https://www.chronomax.com.br/index.php/Maxraceresults/dados/987;
PARADISE ADVENTURE RACE 2022,"ARMAÇÃO DE BUZIOS, ",2022-05-15,https://www.chronomax.com.br/index.php/Maxraceresults/dados/1027;
CORRIDA DISTRITO DE VIDIGAL 5KM 2022,"CIANORTE, PR",2022-06-05,https://www.chronomax.com.br/resultados/g-live.html?f=2022/2112/corrida_vidigal.clax;
MARATONA INTERNACIONAL DE FLORIPA MICHELOB ULTRA,"FLORIANOPOLIS, SC",2022-08-27,https://www.chronomax.com.br/resultados/g-live.html?f=2022/2194/maratona_int_floripa.clax;
CORRIDA DO CHOQUE 2023,"RIO DE JANEIRO, RJ",2023-06-04,https://www.chronomax.com.br/index.php/Maxraceresults/dados/1420;
BIMBO GLOBAL RACE 2023 - RIO DE JANEIRO,"RIO DE JANEIRO , RJ",2023-09-24,https://www.chronomax.com.br/resultados/g-live.html?f=2023/2698/bimbo_global_race_rj.clax;
BSB CITY HALF MARATHON 2023,"BRASÍLIA, DF",2023-11-12,https://www.chronomax.com.br/resultados/g-live.html?f=2023/2512/bsb_city_half_marathon.clax;
POA DAY RUN - ETAPA 3 - 2023,"PORTO ALEGRE, RS",2023-11-19,https://www.chronomax.com.br/resultados/g-live.html?f=2023/2370/poa_day_run.clax;
NEO RUNNING - VILA LOBOS,"SÃO PAULO, SP",2022-02-27,https://www.chronomax.com.br/resultados/g-live.html?f=2022/1897/neo_running_vl.clax;
11ª CORRIDA DO IMIGRANTE - SANTA TERESA RUNNER,"SANTA TERESA, ES",2022-06-19,https://www.chronomax.com.br/index.php/Maxraceresults/dados/1043;
UPHILL SERRA DOS ÓRGÃOS 2022,"TERESÓPOLIS, RJ",2022-07-02,https://www.chronomax.com.br/resultados/g-live.html?f=2022/1920/uphill_serra_orgaos.clax;
BLACK SHARK RACE,"SÃO PAULO, SP",2022-08-07,https://www.chronomax.com.br/resultados/g-live.html?f=2022/2199/black_shark_race.clax;
XTERRA CARAGUA 2022,"CARAGUATATUBA, SP",2022-09-24,https://www.chronomax.com.br/resultados/g-live.html?f=2022/2210/xterra_caragua.clax;
MEIA MARATONA DO CRISTO 2022,"RIO DE JANEIRO, RJ",2022-10-08,https://chronomax.com.br/resultados/g-live.html?f=neorace/2022/outubro/mmc/mmc22.clax;
CCR PEDALANDO CONTRA A FOME,"SAO PAULO, SP",2022-10-23,https://www.chronomax.com.br/resultados/g-live.html?f=2022/1968/ccr_pedalando_contra_fome.clax;
CORRIDA E CAMINHADA DA CONSCIÊNCIA –2022,"SÃO PAULO, SP",2022-11-20,https://www.chronomax.com.br/resultados/g-live.html?f=2022/2277/corrida_caminhada_da_consciencia.clax;
XTERRA - ILHA BELA - SP 2023,"SÃO PAULO, SP",2023-05-13,https://www.chronomax.com.br/resultados/g-live.html?f=2023/2574/xterra_ilha_bela.clax;
ASICS GOLDEN RUN - RIO DE JANEIRO - 2023,"RIO DE JANEIRO, SP",2023-07-02,https://www.chronomax.com.br/resultados/g-live.html?f=2023/2404/asics_golden_run_rj.clax;
32º TROFÉU BRASIL - 2023 - ETAPA 2,"SANTOS, SP",2023-06-18,https://www.chronomax.com.br/resultados/g-live.html?f=2023/2458/tbt_etapa2.clax;
SP CITY MARATHON - SÃO PAULO - 2023,"SÃO PAULO, SP",2023-07-30,https://www.chronomax.com.br/resultados/g-live.html?f=2023/2513/sp_city_marathon.clax;
GREENV RUN THE BRIDGE - 2023,"SÃO PAULO, SP",2023-09-03,https://www.chronomax.com.br/resultados/g-live.html?f=2023/2505/run_the_bridge.clax;
2ª CORRIDA SOLIDÁRIA REDE FEMININA DE COMBATE AO CÂNCER,"MARINGA, PR",2023-10-15,https://www.chronomax.com.br/resultados/g-live.html?f=2023/2386/2_corrida_solidaria_rede_feminina_combate_ao_cancer.clax;
MARATONA DE JURERÊ,"FLORIANOPÓLIS, SC",2023-11-05,https://www.chronomax.com.br/resultados/g-live.html?f=2023/2702/maratona_de_jurere.clax;
CORRIDA UNIMED RIO - ETAPA LAGOA 2022,"RIO DE JANEIRO, RJ",2022-04-10,https://www.chronomax.com.br/index.php/Maxraceresults/dados/990;
CIRCUITO SAÚDE - ETAPA SAO CARLOS,"SÃO CARLOS, SP",2022-05-15,https://www.chronomax.com.br/resultados/g-live.html?f=2022/1886/saude_sao_carlos.clax;
3H DE INTERLAGOS 2022,"SÃO PAULO, SP",2022-06-05,https://www.chronomax.com.br/resultados/g-live.html?f=2022/2105/3h_interlagos.clax;
RUN DE JANEIRO - ETAPA LAGOA 2022,"RIO DE JANEIRO, RJ",2022-09-04,https://www.chronomax.com.br/index.php/Maxraceresults/dados/1120;
STORM RIDERS - 2 ETAPA,"SÃO PAULO, SP",2022-11-06,https://www.chronomax.com.br/resultados/g-live.html?f=2022/2275/storm_riders_ll.clax;
RIO AQUATHLON 7ª ETAPA 2022,"RIO DE JANEIRO, RJ",2022-11-27,https://www.chronomax.com.br/index.php/Maxraceresults/dados/1231;
ALOHA ILHA BELA - SÃO PAULO,"SÃO PAULO, SP",2023-03-10,https://www.chronomax.com.br/resultados/g-live.html?f=2023/2446/aloha_ilhabela.clax;
CORRIDA NETSHOES - SÃO PAULO - 2023,"SÃO PAULO, SP",2023-08-27,https://www.chronomax.com.br/resultados/g-live.html?f=2023/2567/corrida_netshoes.clax;
UPHILL SERRA DO RIO DO RASTRO 2023,"TREVISO, SC",2023-09-15,https://www.chronomax.com.br/resultados/g-live.html?f=2023/2609/uphill_rio_rastro.clax;
38ª CORRIDA INTEGRAÇÃO CAMPINAS,"CAMPINAS, ",2023-09-24,https://www.chronomax.com.br/resultados/g-live.html?f=2023/2751/integracao_campinas.clax;
60ª CORRIDA E CAMINHADA CONTRA O CÂNCER DE MAMA,"SAO PAULO, SP",2023-10-15,https://www.chronomax.com.br/resultados/g-live.html?f=2023/2550/60_corrida_contra_cancer_mama.clax;
CIRCUITO DAS ESTAÇÕES 2023 - VERÃO BH,"BELO HORIZONTE, MG",2023-11-26,https://www.chronomax.com.br/resultados/g-live.html?f=2023/2662/ce_verao_bh.clax;
10ª MEIA MARATONA PAGUE MENOS CAMPINAS,"CAMPINAS, SP",2022-06-12,https://www.chronomax.com.br/resultados/g-live.html?f=2022/2155/meia_campinas.clax;
PICOS PRO RACE - 10 ANOS,"PICOS, PI",2022-07-02,https://www.chronomax.com.br/resultados/g-live.html?f=2022/1847/picos_pro_mtb.clax;
GRANGIRO MTB BÚZIOS 2022,"ARMAÇÃO DE BUZIOS, RJ",2022-08-07,https://www.chronomax.com.br/index.php/Maxraceresults/dados/1107;
CIRCUITO DAS ESTAÇÕES - PRIMAVERA - REC,"RECIFE, PE",2022-09-18,https://www.chronomax.com.br/index.php/Maxraceresults/dados/1086;
CORRIDA DAS ACADEMIAS,"ESPIRITO SANTO, ES",2022-10-16,https://www.chronomax.com.br/resultados/g-live.html?f=2022/2181/corrida_das_academias.clax;
21ª MEIA MARATONA ROTARY CLUB DE TOLEDO,"TOLEDO , PR",2022-10-23,https://www.chronomax.com.br/resultados/g-live.html?f=2022/2164/meia_maratona_toledo.clax;
1ª VOLTA CICLISTICA DE BELO MONTE,"ALTAMIRA, PA",2022-11-20,https://chronomax.com.br/resultados/g-live.html?f=neorace/2022/nov/vcbm/vcbm.clax;
24HRS CORRER TOLEDO - 2023,"TOLEDO, PR",2023-04-22,https://www.chronomax.com.br/resultados/g-live.html?f=2023/2490/24h_toledo.clax;
38ª MARATONA INT. DE PORTO ALEGRE 2023,"PORTO ALEGRE, ",2023-06-03,https://chronomax.com.br/app/2305/;
XTERRA - ILHA BELA - SWIM STORM - 2023,", SP",2023-05-13,https://www.chronomax.com.br/resultados/g-live.html?f=2023/2574/xterra_ilha_bela_storm.clax;
VILLE SAINTE ANNE - FAMILY RUN,"CAMPINAS, SP",2023-09-03,https://www.chronomax.com.br/resultados/g-live.html?f=2023/2791/ville_sainte_anne_family_run.clax;
CORRIDA DO GRÊMIO,"PORTO ALEGRE, RS",2023-10-22,https://www.chronomax.com.br/resultados/g-live.html?f=2023/2373/corrida_do_gremio.clax;
W21K 2023,"SÃO PAULO, SP",2023-11-26,https://www.chronomax.com.br/resultados/g-live.html?f=2023/2511/w21_sp.clax;
TRICOLOR RUN 2023,"SÃO PAULO, SP",2023-11-19,https://www.chronomax.com.br/resultados/g-live.html?f=2023/2402/tricolor_run.clax;
CIRCUITO CAPIXABA DE MONTANHAS-AFONSO CLÁUDIO,,2022-08-21,https://www.chronomax.com.br/index.php/Maxraceresults/dados/1118;
3 HORAS CAMPO DE PROVAS FORD,"SÃO PAULO, SP",2022-09-04,https://www.chronomax.com.br/resultados/g-live.html?f=2022/2106/3h_ford.clax;
TRAVESSIA DO CANAL DE ILHABELA,"ILHABELA, SP",2022-11-06,https://www.chronomax.com.br/resultados/g-live.html?f=2022/2311/travessia_ilhabela.clax;
W21K - SP,"SÃO PAULO, SP",2022-11-27,https://www.chronomax.com.br/resultados/g-live.html?f=2022/1866/w21k_sp.clax;
5K DA PAM,"PAULINIA, SP",2023-08-27,https://www.chronomax.com.br/resultados/g-live.html?f=2023/2787/5k_da_pam.clax;
DESAFIO SHOGUN/SAMURAI - UPHILL 2023,"TREVISO, SC",2023-09-15,https://www.chronomax.com.br/resultados/g-live.html?f=2023/2609/desafios_uphill.clax;
3ª CORRIDA DAS PEROBAS - CIANORTE,"CIANORTE, PR",2023-09-24,https://www.chronomax.com.br/resultados/g-live.html?f=2023/2116/3_corrida_das_perobas.clax;
GFNY BENTO GONCALVES 2023,"BENTO GONÇALVES, RS",2023-10-15,https://www.chronomax.com.br/resultados/g-live.html?f=2023/2757/gfny_bento_goncalves.clax;
CORRIDA E CAMINHADA DO BEM ESTAR 2023 - SP,"SÃO PAULO, SP",2023-11-12,https://www.chronomax.com.br/resultados/g-live.html?f=2023/2713/bem_estar_corrida_e_caminhada.clax;
WTR ON CAMPOS DO JORDÃO 2022,"CAMPOS DO JORDÃO, SP",2022-10-15,https://chronomax.com.br/resultados/g-live.html?f=neorace/2022/outubro/wtrcj/wtrcj22.clax;
CIRCUITO DE CORRIDAS FECAM 2022 - ETAPA 4,"CAMPO MOURÃÕ, PR",2022-11-20,https://www.chronomax.com.br/resultados/g-live.html?f=2022/1972/circuito_fecam_4.clax;
FLA RUN - CORRIDA OFICIAL DO FLAMENGO,"RIO DE JANEIRO, RJ",2022-12-11,https://www.chronomax.com.br/resultados/g-live.html?f=2022/2327/flarun.clax;
CORRIDA RUSTICA TIRADENTES - 2023,"MARINGÁ , PR",2023-04-21,https://www.chronomax.com.br/resultados/g-live.html?f=2023/2514/rustica_tiradentes.clax;
BIKE SERIES INTERLAGOS 2023,"SÃO PAULO, SP",2023-06-03,https://www.chronomax.com.br/resultados/g-live.html?f=2023/2489/interlagos_night_edition.clax;
LETAPE - RIO DE JANEIRO 2023,"RIO DE JANEIRO , RJ",2023-06-25,https://www.chronomax.com.br/resultados/g-live.html?f=2023/2595/letape_rio.clax;
CORRIDA DO HC 2023 - CAMPINAS,"CAMPINAS, SP",2023-11-26,https://www.chronomax.com.br/resultados/g-live.html?f=2023/2407/hc_run_corrida_pela_vida.clax;
SKATE RUN SP 2023,"SÃO PAULO, SP",2023-11-19,https://chronomax.com.br/resultados/g-live.html?f=2023/2926/skate_run.clax;
SKATE RUN 2022,"SÃO PAULO, SP",2022-11-06,https://www.chronomax.com.br/resultados/g-live.html?f=2022/2319/skate_run.clax;
UPHILL MARATHON CORCOVADO,"CORCOVADO, RJ",2022-11-26,https://www.chronomax.com.br/resultados/g-live.html?f=2022/2308/uphill_corcovado.clax;
CIRCUITO CAPIXABA DE MONTANHAS - SANTA TERESA 2023,"SANTA TERESA, ES",2023-03-19,https://www.chronomax.com.br/index.php/Maxraceresults/dados/1343;
LETAPE CUNHA 2023,"CUNHA, RJ",2023-03-26,https://www.chronomax.com.br/resultados/g-live.html?f=2023/2454/letape_brasil_cunha.clax;
CORRIDA ABRAS KIDS,"SAO PAULO, SP",2023-04-15,https://www.chronomax.com.br/resultados/g-live.html?f=2023/2424/corrida_abras_kids.clax;
STORM RIDERS II - 2023,"SÃO PAULO, SP",2023-11-12,https://www.chronomax.com.br/resultados/g-live.html?f=2023/2549/storm_riders_ll.clax;
REI E RAINHA DO MAR COPACABANA,"RIO DE JANEIRO, RJ",2022-12-11,https://www.chronomax.com.br/resultados/g-live.html?f=2022/2347/rrm_copacabana.clax;
32º TROFEU BRASIL - 2023 - ETAPA 1,"SANTOS, SP",2023-05-07,https://www.chronomax.com.br/resultados/g-live.html?f=2023/2457/tbt_etapa1.clax;
12ª CORRIDA DO IMIGRANTE DE SANTA TERESA,"SANTA TERESA , ES",2023-06-18,https://www.chronomax.com.br/index.php/Maxraceresults/dados/1435;
CORRIDA  T&O CUP 2023 SANTANDER,"SÃO PAULO, SP",2023-08-19,https://www.chronomax.com.br/resultados/g-live.html?f=2023/2759/corrida_to_cup_santander.clax;
CORRIDA DAS TARTARUGAS NINJA - SÃO PAULO - 2023,"SÃO PAULO, SP",2023-09-24,https://www.chronomax.com.br/resultados/g-live.html?f=2023/2712/corrida_das_tartarugas_ninja.clax;
ATHENAS RUN LONGER,"SÃO PAULO, SP",2023-10-29,https://www.chronomax.com.br/resultados/g-live.html?f=2023/2510/athenas_run_longer.clax;
CORRIDA DO LACRE AMIGO 2023 - SP,"SÃO PAULO, SP",2023-11-26,https://www.chronomax.com.br/resultados/g-live.html?f=2023/2589/corrida_do_lacre_amigo.clax;
XV CORRIDA ZUMBI DOS PALMARES 2023,"VITÓRIA, ES",2023-11-19,https://chronomax.com.br/resultados/g-live.html?f=2023/2851/xv_corrida_zumbi_palmares.clax;
5º CORRIDA E DUATHLON ROTARY CIANORTE 2023,"PARANA, PR",2023-03-26,https://www.chronomax.com.br/resultados/g-live.html?f=2023/2492/corrida_duatlhon_rotary.clax;
POA NIGHT RUN - 2º ETAPA - 2023,"PORTO ALEGRE, RS",2023-09-23,https://www.chronomax.com.br/resultados/g-live.html?f=2023/2367/poa_night_run_etapa_2.clax;
22 MEIA MARATONA ROTARY CLUB TOLEDO,"TOLEDO, PR",2023-10-22,https://www.chronomax.com.br/resultados/g-live.html?f=2023/2627/22_meia_maratona_rotary_club_de_toledo.clax;
RIO CITY HALF MARATHON - 2023,"RIO DE JANEIRO , RJ",2023-05-07,https://www.chronomax.com.br/resultados/g-live.html?f=2023/2466/rio_city_half_marathon.clax;
DESAFIOS 21K + 42K - MARATONA INT. DE FLORIPA,"FLORIANOPOLIS, SC",2023-08-27,https://www.chronomax.com.br/resultados/g-live.html?f=2023/2708/desafio_maratona_floripa.clax;
UTMB PARATY - 2023,"PARATY, RJ",2023-09-24,https://www.chronomax.com.br/resultados/g-live.html?f=2023/2473/utmb_paraty.clax;
BRONKOS RACE 2023 - ETAPA ODIN,"RIBEIRÃO PIRES, SP",2023-11-19,https://www.chronomax.com.br/resultados/g-live.html?f=2023/2928/bronkos_race.clax;
CORRIDA VERA CRUZ SP,"CAMPINAS, SP",2023-10-08,https://www.chronomax.com.br/resultados/g-live.html?f=2023/2837/corrida_vera_cruz_sp.clax;
STORM RIDERS - 2023,"SÃO PAULO, SP",2023-08-13,https://www.chronomax.com.br/resultados/g-live.html?f=2023/2548/storm_riders.clax;
CORPORATE RUN – SÃO PAULO - 2023,"SÃO PAULO, SP",2023-08-27,https://www.chronomax.com.br/resultados/g-live.html?f=2023/2596/corporate_run.clax;
MARATONA INTERNACIONAL DE FLORIPA 2023,"FLORIANÓPOLIS , SC",2023-08-25,https://www.chronomax.com.br/resultados/g-live.html?f=2023/2708/maratona_de_floripa_internacional.clax;
LETAPE - CAMPOS DO JORDÃO - 2023,"CAMPOS DO JORDÃO, SP",2023-09-24,https://www.chronomax.com.br/resultados/g-live.html?f=2023/2455/letape_brasil.clax;
2ª CORRIDA E CAMINHADA RASPINHA,"SANTO ANTÔNIO DA PATRULHA, RS",2023-10-29,https://www.chronomax.com.br/resultados/g-live.html?f=2023/2373/2_corrida_e_caminhada_raspinha_solidaria.clax;
ULTRAMARATONA BM - 2023,"BERTIOGA, SP",2023-10-21,https://www.chronomax.com.br/resultados/g-live.html?f=2023/2504/ultramaratona_bm.clax;
UPHILL MARATHON CORCOVADO 2023,"RIO DE JANEIRO, RJ",2023-11-25,https://chronomax.com.br/resultados/g-live.html?f=2023/2608/uphill_corcovado.clax;
